x_y,segment,det,classify,det,xmin,ymin,xmax,ymax
40736_31616,ASCH,0.059911,ASCH,1.0,1.000000,1.931274,608.000000,540.307007
