x_y,segment,det,classify,det,xmin,ymin,xmax,ymax
30400_3648,ASCH,0.092382,ASCH,1.0,34.080627,1.000000,574.091125,608.000000
44992_52288,ASCUS,0.026081,ASCH,1.0,1.000000,41.862442,377.135284,447.885071
