x_y,segment,det,classify,det,xmin,ymin,xmax,ymax
60800_48032,ASCUS,0.005170,ASCH,1.0,170.366104,52.197449,569.630859,504.879211
15200_41952,ASCUS,0.005247,ASCH,1.0,327.277466,110.348045,453.170166,299.906433
25536_14592,LSIL,0.019917,ASCH,1.0,79.033783,1.000000,587.718384,608.000000
21280_17632,ASCH,0.109737,ASCH,1.0,99.741425,133.757599,608.000000,608.000000
