x_y,segment,det,classify,det,xmin,ymin,xmax,ymax
39520_46816,ASCUS,0.022596,ASCH,1.0,133.759613,70.395599,369.404022,458.492828
40128_44992,ASCH,0.132838,ASCH,1.0,321.603271,201.828674,559.052551,456.881653
