x_y,segment,det,classify,det,xmin,ymin,xmax,ymax
6080_21280,ASCH,0.074666,ASCH,1.0,307.746552,16.264740,605.223511,608.000000
