x_y,segment,det,classify,det,xmin,ymin,xmax,ymax
12160_43776,LSIL,0.005136,ASCH,1.0,6.796417,84.195572,345.523102,528.800354
