x_y,segment,det,classify,det,xmin,ymin,xmax,ymax
25536_44992,ASCH,0.059442,ASCH,1.0,56.385490,38.732788,251.180511,445.007812
25536_44992,ASCH,0.812264,ASCH,1.0,1.000000,14.368774,359.921814,514.200562
26144_21280,ASCH,0.609205,ASCH,1.0,329.247314,170.211334,557.403687,544.886963
