x_y,segment,det,classify,det,xmin,ymin,xmax,ymax
54720_50464,LSIL,0.010379,ASCH,1.0,30.448883,1.000000,266.814850,573.159180
57152_60800,LSIL,0.126878,ASCH,1.0,1.000000,33.081024,608.000000,530.444458
57152_60800,LSIL,0.007858,ASCH,1.0,174.156326,1.000000,608.000000,608.000000
55328_47424,ASCH,0.015552,ASCH,1.0,1.000000,55.120071,608.000000,378.252625
54112_55936,ASCUS,0.030093,ASCH,1.0,1.000000,1.000000,608.000000,445.082642
27360_62016,ASCH,0.922565,ASCH,0.9999982,47.085342,223.337158,294.556458,465.853455
