x_y,segment,det,classify,det,xmin,ymin,xmax,ymax
15808_13376,LSIL,0.007641,ASCH,1.0,1.000000,1.000000,608.000000,608.000000
21280_35264,ASCUS,0.005213,ASCH,1.0,1.000000,132.349136,608.000000,290.222229
16416_30400,ASCH,0.198322,ASCH,1.0,1.000000,87.333069,608.000000,588.538513
