x_y,segment,det,classify,det,xmin,ymin,xmax,ymax
58976_608,ASCH,0.741830,ASCH,1.0,186.533279,220.754929,498.944031,406.110962
34656_5472,ASCUS,0.008224,ASCH,1.0,1.000000,144.215073,601.419373,269.767822
