x_y,segment,det,classify,det,xmin,ymin,xmax,ymax
32224_24320,ASCH,0.096151,ASCH,1.0,160.176590,240.765671,608.000000,552.834106
42560_10944,ASCH,0.136061,ASCH,1.0,11.473495,306.585571,289.001282,543.644226
34656_27360,ASCH,0.122517,ASCH,1.0,21.507210,346.461212,247.871735,565.459961
37088_12768,ASCH,0.051900,ASCH,1.0,14.088593,255.151123,530.791626,601.462769
34656_25536,ASCH,0.052414,ASCH,1.0,155.752029,298.491425,524.374756,561.885254
30400_37696,ASCH,0.146478,ASCH,1.0,1.000000,48.266342,281.491455,480.779236
