x_y,segment,det,classify,det,xmin,ymin,xmax,ymax
22496_46208,ASCH,0.278975,ASCH,1.0,220.904587,76.066605,596.217224,322.599792
