x_y,segment,det,classify,det,xmin,ymin,xmax,ymax
26144_31008,ASCUS,0.005616,ASCH,1.0,28.290314,1.000000,466.430267,608.000000
48640_21280,LSIL,0.012088,ASCH,1.0,1.000000,1.000000,608.000000,608.000000
