x_y,segment,det,classify,det,xmin,ymin,xmax,ymax
31008_17632,ASCUS,0.038390,ASCH,1.0,1.000000,1.000000,608.000000,247.988922
30400_17632,ASCUS,0.027940,ASCH,0.9999999,1.000000,145.080017,608.000000,322.346619
30400_17632,ASCUS,0.013646,ASCH,1.0,1.000000,93.876480,608.000000,464.070007
