x_y,segment,det,classify,det,xmin,ymin,xmax,ymax
21280_21888,ASCH,0.085661,ASCH,1.0,39.149750,229.866211,266.604645,587.642761
24320_49856,LSIL,0.008414,ASCH,1.0,44.043549,24.013245,564.383545,579.655334
