x_y,segment,det,classify,det,xmin,ymin,xmax,ymax
49856_19456,LSIL,0.062973,ASCH,1.0,79.981445,92.260452,595.250793,525.375427
