x_y,segment,det,classify,det,xmin,ymin,xmax,ymax
18848_38304,ASCH,0.050988,ASCH,1.0,19.576584,76.633530,316.114441,326.437256
