x_y,segment,det,classify,det,xmin,ymin,xmax,ymax
23712_42560,ASCH,0.063000,ASCH,1.0,1.000000,1.000000,608.000000,580.481201
28576_17632,ASCUS,0.023683,ASCH,1.0,1.000000,1.000000,608.000000,608.000000
38304_40736,LSIL,0.025404,ASCH,1.0,1.000000,15.337158,608.000000,608.000000
39520_27968,LSIL,0.020833,ASCH,1.0,8.494781,76.211304,599.423340,463.786377
20672_41344,LSIL,0.064809,ASCH,1.0,1.000000,1.000000,526.479858,530.447449
34656_39520,ASCH,0.053907,ASCH,1.0,1.000000,273.579346,608.000000,589.309753
34656_39520,ASCH,0.062513,ASCH,1.0,141.414719,306.468903,592.862000,494.182709
40128_41952,LSIL,0.006557,ASCH,1.0,1.000000,1.000000,608.000000,478.718353
