x_y,segment,det,classify,det,xmin,ymin,xmax,ymax
25536_7904,LSIL,0.053721,ASCH,1.0,306.368988,147.504669,535.097290,427.837738
11552_35872,ASCUS,0.025924,ASCH,1.0,173.773865,61.058823,608.000000,368.112976
