x_y,segment,det,classify,det,xmin,ymin,xmax,ymax
14592_32224,ASCUS,0.010324,ASCH,0.9999964,1.000000,395.662506,608.000000,540.638184
