x_y,segment,det,classify,det,xmin,ymin,xmax,ymax
26752_48640,ASCUS,0.012121,ASCH,1.0,1.000000,97.382690,608.000000,608.000000
47424_44384,ASCH,0.036454,ASCH,1.0,64.168915,1.000000,378.363403,554.091187
44992_18240,ASCH,0.050058,ASCH,1.0,8.110504,108.219788,608.000000,608.000000
