x_y,segment,det,classify,det,xmin,ymin,xmax,ymax
12768_13376,ASCH,0.306830,ASCH,1.0,230.133545,127.767090,465.920349,408.520569
17024_27968,ASCH,0.340313,ASCH,1.0,237.114304,389.606995,583.544250,608.000000
13984_16416,ASCH,0.057723,ASCH,1.0,178.193268,248.107971,479.798431,471.826660
10336_9728,ASCH,0.067071,ASCH,1.0,127.571777,92.938385,605.694702,461.113678
40736_43168,ASCUS,0.022910,ASCH,1.0,159.449173,31.750793,568.435669,452.987427
40736_43168,ASCUS,0.016354,ASCH,1.0,87.953461,1.000000,608.000000,608.000000
29792_4256,ASCH,0.153489,ASCH,1.0,32.579651,46.664871,403.620972,386.244690
