x_y,segment,det,classify,det,xmin,ymin,xmax,ymax
12160_44384,LSIL,0.030846,ASCH,1.0,25.359650,1.000000,608.000000,608.000000
10336_31616,LSIL,0.101490,ASCH,1.0,1.000000,1.000000,608.000000,502.030457
14592_35264,LSIL,0.005569,ASCH,1.0,167.340607,1.000000,608.000000,608.000000
