x_y,segment,det,classify,det,xmin,ymin,xmax,ymax
6955_17845,ASCUS,0.006231,LSIL,0.99999106,150.891327,93.876495,608.000000,608.000000
50731_19061,HSIL,0.101934,HSIL,0.9978383,403.910736,211.052292,466.493866,259.554657
