x_y,segment,det,classify,det,xmin,ymin,xmax,ymax
19721_39078,ASCUS,0.005049,SCC,0.84281486,1.000000,1.000000,608.000000,608.000000
23369_35430,SCC,0.091447,SCC,0.9825593,394.115173,296.157288,462.425232,353.016541
17289_29958,SCC,0.286255,SCC,0.9934323,284.029114,304.395996,429.646240,378.739990
25193_32998,LSIL,0.007331,HSIL,0.9999397,15.378937,233.417511,534.143921,608.000000
23369_37254,HSIL,0.147698,HSIL,0.9477454,258.038086,151.986542,311.514404,222.338776
23977_32998,HSIL,0.082270,HSIL,0.9745842,373.692322,238.731339,439.185669,296.641449
