{"acc": [0.8502185961917746, 0.9040586594612103, 0.9242314709177148, 0.9351096422833384, 0.8692898206273522, 0.9117353437131455, 0.9307721436337648, 0.9218561740199639, 0.9342146028815426, 0.9413404937061148, 0.9434403938747954, 0.9465514867841409, 0.9470766476999999, 0.9492581500367391, 0.9515990223990131, 0.9515990223107829, 0.9494302729418809, 0.9546283865624186, 0.9549037832914891, 0.9571758064248155, 0.9560742194510814, 0.960549416546239, 0.9610657854401768, 0.9618919756417512, 0.955592275162384, 0.9581052704051775, 0.9628558642868578, 0.9654116189427313, 0.9668755595919334, 0.9678818548257931, 0.9694309614788805, 0.9685359220914477, 0.9713243141330751, 0.9716685600192778, 0.9723914764851538, 0.974078281524321, 0.9754552652702146, 0.9753864160699932, 0.9766601260227362, 0.9769355227805329, 0.9787944507699828, 0.9786223278197, 0.9817549657618931, 0.9806189541952298, 0.9816561123348018, 0.980717581448152, 0.9835106199869187, 0.9821680608770433, 0.9837860167590783, 0.9846810562039633], "val_loss": [12.271957580494393, 2.6299302791761487, 5.85167367007011, 4.739984314042858, 1.079698564184856, 0.8078202228616156, 0.5672800002388136, 1.269664129163185, 0.8900852329017107, 3.0144785989562317, 2.273359676650137, 0.9638280523467201, 3.3729523285934295, 3.3241178006730783, 1.6613654375201317, 1.1994415955451, 3.839903067342261, 4.680207690082424, 0.4893235829124041, 0.525321810437424, 3.7788668256438585, 2.027790053702176, 1.6965245147243995, 2.4868612365692653, 4.875013830778045, 2.250604649520258, 2.668907590480018, 0.8710062167190668, 2.784003877614766, 1.9529537635757215, 2.013142405096373, 1.1673194497558042, 4.428490735500597, 0.7709415504053493, 0.7253995030165094, 1.1231343811040908, 1.5417590764535305, 2.814232070844837, 4.224385334799036, 4.7846702289131215, 1.6726700780150399, 1.8918158144118216, 2.552391999294199, 3.662001776582731, 0.8491127902947613, 1.9948901767560683, 5.667753808462126, 3.7534360930628345, 6.173090491422384, 0.3903806251525004], "loss": [0.42109061390763736, 0.2526171374419063, 0.20516044893315327, 0.17065543072876732, 0.38371061329144146, 0.2349034387329375, 0.18404735250606846, 0.20302149126002692, 0.17053095046622546, 0.15080892332425286, 0.14478448728299714, 0.13940625227905712, 0.1365357423611034, 0.13377276268613625, 0.1277186129282065, 0.12317183886264917, 0.13345793306585424, 0.12199528777977699, 0.11803713800869257, 0.11288874476425799, 0.11485600603534135, 0.10405715094334435, 0.10352786241512241, 0.10091731620658108, 0.1217620733141378, 0.1155056433668245, 0.0980245688000851, 0.09078616649527842, 0.08644537156218546, 0.08460089799595469, 0.08102277671139398, 0.0828495547944857, 0.07708010681058426, 0.07439333466171312, 0.0727291920446861, 0.06931790452005644, 0.06480143748972969, 0.06843428390920768, 0.06388193095603241, 0.06157156526673053, 0.057841044524496996, 0.058576473255718284, 0.051560870130632666, 0.052905613752136815, 0.04918579189035024, 0.0531486468279316, 0.04572011820052217, 0.04788222025119748, 0.04441991358299855, 0.04075251968602575], "val_acc": [0.18877818581160288, 0.5359202944363483, 0.36969061379477686, 0.506554798893611, 0.7661248038248923, 0.794441531638419, 0.9098059781321569, 0.7121132675990048, 0.7619297330330728, 0.4399580493702211, 0.4483481910788832, 0.8725747249172693, 0.5327739912487164, 0.4394336654899879, 0.716832721895989, 0.7766124806794185, 0.35972732078922814, 0.36025170454443844, 0.9077084427362471, 0.9140010488302094, 0.3953854222383934, 0.7488201368398921, 0.7551127428400873, 0.671735711227741, 0.597797587912434, 0.5941269016415897, 0.5841636083859952, 0.8133193500453287, 0.5243838497588443, 0.6449921348986353, 0.7121132673802149, 0.7503932883555687, 0.4682747772150035, 0.8568432094792015, 0.8227582593894343, 0.7918196121747417, 0.6759307818945378, 0.5904562146674918, 0.4310435241563944, 0.45097011013623617, 0.79863660227396, 0.6192973262674845, 0.6130047202047779, 0.464604090850392, 0.8390141586139681, 0.5878342953600931, 0.3455689564995823, 0.34137388585622735, 0.33822758279361836, 0.9533298374722625]}