x_y,segment,det,classify,det,xmin,ymin,xmax,ymax
50223_33163,ASCUS,0.049581,HSIL,1.0,1.000000,384.393341,114.230957,592.836365
52655_28907,LSIL,0.013178,HSIL,1.0,168.720078,15.272736,391.094971,319.553436
49007_28907,ASCUS,0.022897,HSIL,1.0,232.546692,483.129242,305.163574,565.654724
34415_44715,LSIL,0.008300,HSIL,1.0,169.149582,316.592896,367.148743,569.344666
