x_y,segment,det,classify,det,xmin,ymin,xmax,ymax
41811_29515,ASCUS,0.013702,HSIL,1.0,343.848877,202.122650,498.129272,351.710724
18707_10667,ASCH,0.307877,HSIL,1.0,111.440201,79.074936,564.290710,471.542175
