x_y,segment,det,classify,det,xmin,ymin,xmax,ymax
47284_14366,ASCUS,0.039077,HSIL,1.0,452.742645,311.817963,515.255432,358.528961
53364_28350,HSIL,0.059327,HSIL,1.0,184.847992,175.357483,227.089874,215.719543
16276_44766,ASCUS,0.047797,HSIL,1.0,213.414200,459.018005,372.095093,590.716614
10196_44158,ASCH,0.009785,HSIL,1.0,194.239059,72.965408,500.839233,467.355530
18100_12542,HSIL,0.819044,HSIL,1.0,257.051361,494.822693,373.822418,588.840759
26612_3422,HSIL,0.080838,HSIL,1.0,323.670959,587.810852,357.167847,607.507874
49108_13150,ASCUS,0.039615,HSIL,1.0,68.791801,13.832016,236.450226,293.814087
16276_52670,LSIL,0.020675,HSIL,1.0,4.864746,1.000000,546.608948,608.000000
