x_y,segment,det,classify,det,xmin,ymin,xmax,ymax
11311_27742,HSIL,0.848238,HSIL,1.0,451.251434,122.505066,564.352478,223.988373
50831_28958,ASCH,0.031155,HSIL,1.0,174.705811,1.000000,332.066559,153.122818
