x_y,segment,det,classify,det,xmin,ymin,xmax,ymax
19815_15434,ASCH,0.037561,HSIL,1.0,76.673462,254.734879,301.405090,380.138794
39879_35498,ASCH,0.083969,HSIL,1.0,197.292984,152.451401,274.921448,337.652710
10695_25770,HSIL,0.783275,HSIL,1.0,283.372620,110.532967,413.861084,218.218536
10695_25770,HSIL,0.124097,HSIL,0.9878697,275.630157,99.733025,480.370148,335.336121
41703_32458,HSIL,0.081529,HSIL,1.0,387.099976,217.151306,487.748230,319.262634
38663_41578,LSIL,0.006298,HSIL,1.0,291.536011,73.484932,526.231567,297.467072
24679_20906,HSIL,0.140153,HSIL,1.0,494.876190,515.827454,550.186707,554.055603
24679_30634,LSIL,0.076592,HSIL,1.0,251.710464,76.606422,349.703888,190.413849
