x_y,segment,det,classify,det,xmin,ymin,xmax,ymax
31254_57136,LSIL,0.278457,HSIL,1.0,349.389618,113.912994,601.506165,484.637909
39158_24912,ASCH,0.038308,HSIL,1.0,394.253479,324.244843,527.270935,503.804596
66518_51056,HSIL,0.086902,HSIL,1.0,275.605774,54.338409,343.795288,114.934814
39158_38896,LSIL,0.270501,HSIL,1.0,373.685547,114.260277,563.989624,246.628143
6934_50448,LSIL,0.017130,HSIL,1.0,248.777557,1.000000,605.434326,608.000000
48278_43152,HSIL,0.050258,HSIL,1.0,255.314331,452.197235,361.695129,503.568268
